dataset,threshold,ir,fpr,acc
AgentDojo,-0.9672446537017823,0.012345679012345678,0.0,0.14241960183767227
AgentDojo,-0.7734319019317627,0.03527336860670194,0.0,0.16232771822358347
AgentDojo,-0.6411471605300904,0.0582010582010582,0.0,0.18223583460949463
AgentDojo,-0.5133235812187195,0.1146384479717813,0.011627906976744186,0.22970903522205208
AgentDojo,-0.45348807573318484,0.1675485008818342,0.03488372093023256,0.2725880551301684
AgentDojo,-0.37817859649658203,0.2204585537918871,0.03488372093023256,0.31852986217457885
AgentDojo,-0.263163685798645,0.3315696649029982,0.09302325581395349,0.40735068912710565
AgentDojo,-0.16031169891357422,0.43562610229276894,0.13953488372093023,0.49157733537519144
AgentDojo,-0.09678015112876892,0.5432098765432098,0.20930232558139536,0.5758039816232772
