dataset,fpr,tpr,threshold,auc
InjecAgent,0.0,0.0,-inf,0.6674154481526956
InjecAgent,0.0,0.0,-3.7069344520568848,0.6674154481526956
InjecAgent,0.0,0.0004743833017077799,-3.6330814361572266,0.6674154481526956
InjecAgent,0.0,0.0009487666034155598,-3.621391773223877,0.6674154481526956
InjecAgent,0.0,0.0014231499051233396,-3.431638240814209,0.6674154481526956
InjecAgent,0.0,0.0018975332068311196,-3.3335671424865723,0.6674154481526956
InjecAgent,0.0,0.0023719165085388993,-3.2633352279663086,0.6674154481526956
InjecAgent,0.0,0.0028462998102466793,-3.232964038848877,0.6674154481526956
InjecAgent,0.0,0.003320683111954459,-3.0411930084228516,0.6674154481526956
InjecAgent,0.0,0.003795066413662239,-3.0065932273864746,0.6674154481526956
InjecAgent,0.0,0.004269449715370019,-2.983208179473877,0.6674154481526956
InjecAgent,0.0,0.004743833017077799,-2.908261775970459,0.6674154481526956
InjecAgent,0.0,0.005218216318785579,-2.9081521034240723,0.6674154481526956
InjecAgent,0.0,0.0056925996204933585,-2.859384059906006,0.6674154481526956
InjecAgent,0.0,0.006166982922201139,-2.7889976501464844,0.6674154481526956
InjecAgent,0.0,0.006641366223908918,-2.775637626647949,0.6674154481526956
InjecAgent,0.0,0.007115749525616698,-2.731295585632324,0.6674154481526956
InjecAgent,0.0,0.007590132827324478,-2.692351818084717,0.6674154481526956
InjecAgent,0.0,0.008064516129032258,-2.669826030731201,0.6674154481526956
InjecAgent,0.0,0.008538899430740038,-2.6067652702331543,0.6674154481526956
InjecAgent,0.0,0.009013282732447819,-2.606508731842041,0.6674154481526956
InjecAgent,0.0,0.009487666034155597,-2.5872554779052734,0.6674154481526956
InjecAgent,0.0,0.009962049335863378,-2.563235282897949,0.6674154481526956
InjecAgent,0.0,0.010436432637571158,-2.513193130493164,0.6674154481526956
InjecAgent,0.0,0.010910815939278937,-2.4685001373291016,0.6674154481526956
InjecAgent,0.0,0.011385199240986717,-2.4502735137939453,0.6674154481526956
InjecAgent,0.0,0.011859582542694497,-2.4487435817718506,0.6674154481526956
InjecAgent,0.0,0.012333965844402278,-2.4385533332824707,0.6674154481526956
InjecAgent,0.0,0.012808349146110056,-2.4314613342285156,0.6674154481526956
InjecAgent,0.0,0.013282732447817837,-2.4264941215515137,0.6674154481526956
InjecAgent,0.0,0.013757115749525617,-2.4234046936035156,0.6674154481526956
InjecAgent,0.0,0.014231499051233396,-2.412292003631592,0.6674154481526956
InjecAgent,0.0,0.014705882352941176,-2.3995072841644287,0.6674154481526956
InjecAgent,0.0,0.015180265654648957,-2.3835930824279785,0.6674154481526956
InjecAgent,0.0,0.015654648956356737,-2.377516746520996,0.6674154481526956
InjecAgent,0.0,0.016129032258064516,-2.3761658668518066,0.6674154481526956
InjecAgent,0.0,0.016603415559772294,-2.3714983463287354,0.6674154481526956
InjecAgent,0.0,0.017077798861480076,-2.3227756023406982,0.6674154481526956
InjecAgent,0.0,0.017552182163187855,-2.2487339973449707,0.6674154481526956
InjecAgent,0.0,0.018026565464895637,-2.235858917236328,0.6674154481526956
InjecAgent,0.0,0.018500948766603416,-2.231196403503418,0.6674154481526956
InjecAgent,0.0,0.018975332068311195,-2.2309491634368896,0.6674154481526956
InjecAgent,0.0,0.019449715370018977,-2.2030346393585205,0.6674154481526956
InjecAgent,0.0,0.019924098671726755,-2.1693480014801025,0.6674154481526956
InjecAgent,0.0,0.020398481973434534,-2.165477991104126,0.6674154481526956
InjecAgent,0.0,0.020872865275142316,-2.16095232963562,0.6674154481526956
InjecAgent,0.0,0.021347248576850095,-2.1431593894958496,0.6674154481526956
InjecAgent,0.0,0.021821631878557873,-2.1415538787841797,0.6674154481526956
InjecAgent,0.0,0.022296015180265655,-2.127964973449707,0.6674154481526956
InjecAgent,0.0,0.022770398481973434,-2.0923550128936768,0.6674154481526956
InjecAgent,0.0,0.023244781783681213,-2.090542793273926,0.6674154481526956
InjecAgent,0.0,0.023719165085388995,-2.068956136703491,0.6674154481526956
InjecAgent,0.0,0.024193548387096774,-2.049551486968994,0.6674154481526956
InjecAgent,0.0,0.024667931688804556,-2.042675018310547,0.6674154481526956
InjecAgent,0.0,0.025142314990512334,-2.033092975616455,0.6674154481526956
InjecAgent,0.0,0.025616698292220113,-2.029910087585449,0.6674154481526956
InjecAgent,0.0,0.026091081593927895,-2.0048389434814453,0.6674154481526956
InjecAgent,0.0,0.026565464895635674,-1.971834659576416,0.6674154481526956
InjecAgent,0.0,0.027039848197343452,-1.9519519805908203,0.6674154481526956
InjecAgent,0.0,0.027514231499051234,-1.9439239501953125,0.6674154481526956
InjecAgent,0.0,0.027988614800759013,-1.9285991191864014,0.6674154481526956
InjecAgent,0.0,0.028462998102466792,-1.9199225902557373,0.6674154481526956
InjecAgent,0.0,0.028937381404174574,-1.91312575340271,0.6674154481526956
InjecAgent,0.0,0.029411764705882353,-1.8997716903686523,0.6674154481526956
InjecAgent,0.0,0.02988614800759013,-1.887291431427002,0.6674154481526956
InjecAgent,0.0,0.030360531309297913,-1.879343032836914,0.6674154481526956
InjecAgent,0.0,0.030834914611005692,-1.8662495613098145,0.6674154481526956
InjecAgent,0.0,0.031309297912713474,-1.8652536869049072,0.6674154481526956
InjecAgent,0.0,0.03178368121442125,-1.8642830848693848,0.6674154481526956
InjecAgent,0.0,0.03225806451612903,-1.8483610153198242,0.6674154481526956
InjecAgent,0.0,0.03273244781783681,-1.8344790935516357,0.6674154481526956
InjecAgent,0.0,0.03320683111954459,-1.8215446472167969,0.6674154481526956
InjecAgent,0.0,0.033681214421252374,-1.7995917797088623,0.6674154481526956
InjecAgent,0.0,0.03415559772296015,-1.7977688312530518,0.6674154481526956
InjecAgent,0.0,0.03462998102466793,-1.7824320793151855,0.6674154481526956
InjecAgent,0.0,0.03510436432637571,-1.7702679634094238,0.6674154481526956
InjecAgent,0.0,0.03557874762808349,-1.7647032737731934,0.6674154481526956
InjecAgent,0.0,0.036053130929791274,-1.7609703540802002,0.6674154481526956
InjecAgent,0.0,0.03652751423149905,-1.7534339427947998,0.6674154481526956
InjecAgent,0.0,0.03700189753320683,-1.7521815299987793,0.6674154481526956
InjecAgent,0.0,0.03747628083491461,-1.7434816360473633,0.6674154481526956
InjecAgent,0.0,0.03795066413662239,-1.7434310913085938,0.6674154481526956
InjecAgent,0.0,0.03842504743833017,-1.7309141159057617,0.6674154481526956
InjecAgent,0.0,0.03889943074003795,-1.7272696495056152,0.6674154481526956
InjecAgent,0.0,0.03937381404174573,-1.7152011394500732,0.6674154481526956
InjecAgent,0.0,0.03984819734345351,-1.7104854583740234,0.6674154481526956
InjecAgent,0.0,0.04032258064516129,-1.7100768089294434,0.6674154481526956
InjecAgent,0.0,0.04079696394686907,-1.692115306854248,0.6674154481526956
InjecAgent,0.0,0.04127134724857685,-1.6857435703277588,0.6674154481526956
InjecAgent,0.0,0.04174573055028463,-1.6777355670928955,0.6674154481526956
InjecAgent,0.0,0.04222011385199241,-1.669804334640503,0.6674154481526956
InjecAgent,0.0,0.04269449715370019,-1.6363744735717773,0.6674154481526956
InjecAgent,0.0,0.04316888045540797,-1.632943868637085,0.6674154481526956
InjecAgent,0.0,0.04364326375711575,-1.6304950714111328,0.6674154481526956
InjecAgent,0.0,0.04411764705882353,-1.619199275970459,0.6674154481526956
InjecAgent,0.0,0.04459203036053131,-1.6134812831878662,0.6674154481526956
InjecAgent,0.0,0.04506641366223909,-1.5996177196502686,0.6674154481526956
InjecAgent,0.0,0.04554079696394687,-1.5915374755859375,0.6674154481526956
InjecAgent,0.0,0.04601518026565465,-1.589686393737793,0.6674154481526956
InjecAgent,0.0,0.046489563567362426,-1.5872318744659424,0.6674154481526956
InjecAgent,0.0,0.04696394686907021,-1.5798773765563965,0.6674154481526956
InjecAgent,0.0,0.04743833017077799,-1.577481746673584,0.6674154481526956
InjecAgent,0.0,0.04791271347248577,-1.5744099617004395,0.6674154481526956
InjecAgent,0.0,0.04838709677419355,-1.559110164642334,0.6674154481526956
InjecAgent,0.0,0.048861480075901326,-1.5582726001739502,0.6674154481526956
InjecAgent,0.0,0.04933586337760911,-1.5498857498168945,0.6674154481526956
InjecAgent,0.0,0.04981024667931689,-1.536550760269165,0.6674154481526956
InjecAgent,0.0,0.05028462998102467,-1.5329947471618652,0.6674154481526956
InjecAgent,0.0,0.05075901328273245,-1.5221478939056396,0.6674154481526956
InjecAgent,0.0,0.051233396584440226,-1.5220236778259277,0.6674154481526956
InjecAgent,0.0,0.051707779886148005,-1.5094611644744873,0.6674154481526956
InjecAgent,0.0,0.05218216318785579,-1.5039007663726807,0.6674154481526956
InjecAgent,0.0,0.05265654648956357,-1.501441478729248,0.6674154481526956
InjecAgent,0.0,0.05313092979127135,-1.4996161460876465,0.6674154481526956
InjecAgent,0.0,0.053605313092979126,-1.4993367195129395,0.6674154481526956
InjecAgent,0.0,0.054079696394686905,-1.498326063156128,0.6674154481526956
InjecAgent,0.0,0.05455407969639469,-1.480114459991455,0.6674154481526956
InjecAgent,0.0,0.05502846299810247,-1.4765686988830566,0.6674154481526956
InjecAgent,0.0,0.05550284629981025,-1.4689607620239258,0.6674154481526956
InjecAgent,0.0,0.055977229601518026,-1.4674534797668457,0.6674154481526956
InjecAgent,0.0,0.056451612903225805,-1.465212345123291,0.6674154481526956
InjecAgent,0.0,0.056925996204933584,-1.4643909931182861,0.6674154481526956
InjecAgent,0.0,0.05740037950664137,-1.4626588821411133,0.6674154481526956
InjecAgent,0.0,0.05787476280834915,-1.4622702598571777,0.6674154481526956
InjecAgent,0.0,0.058349146110056926,-1.4589509963989258,0.6674154481526956
InjecAgent,0.0,0.058823529411764705,-1.4536120891571045,0.6674154481526956
InjecAgent,0.0,0.059297912713472484,-1.4361391067504883,0.6674154481526956
InjecAgent,0.0,0.05977229601518026,-1.4291157722473145,0.6674154481526956
InjecAgent,0.0,0.06024667931688805,-1.4249143600463867,0.6674154481526956
InjecAgent,0.0,0.06072106261859583,-1.4202709197998047,0.6674154481526956
InjecAgent,0.0,0.061195445920303605,-1.4088664054870605,0.6674154481526956
InjecAgent,0.0,0.061669829222011384,-1.4050366878509521,0.6674154481526956
InjecAgent,0.0,0.06214421252371916,-1.3963913917541504,0.6674154481526956
InjecAgent,0.0,0.06261859582542695,-1.3961100578308105,0.6674154481526956
InjecAgent,0.0,0.06309297912713473,-1.3836822509765625,0.6674154481526956
InjecAgent,0.0,0.0635673624288425,-1.3817625045776367,0.6674154481526956
InjecAgent,0.0,0.06404174573055028,-1.3675875663757324,0.6674154481526956
InjecAgent,0.0,0.06451612903225806,-1.3573451042175293,0.6674154481526956
InjecAgent,0.0,0.06499051233396584,-1.3438568115234375,0.6674154481526956
InjecAgent,0.0,0.06546489563567362,-1.3411529064178467,0.6674154481526956
InjecAgent,0.0,0.0659392789373814,-1.3334698677062988,0.6674154481526956
InjecAgent,0.0,0.06641366223908918,-1.3291544914245605,0.6674154481526956
InjecAgent,0.0,0.06688804554079697,-1.3260726928710938,0.6674154481526956
InjecAgent,0.0,0.06736242884250475,-1.3192439079284668,0.6674154481526956
InjecAgent,0.0,0.06783681214421253,-1.3117432594299316,0.6674154481526956
InjecAgent,0.0,0.0683111954459203,-1.308725118637085,0.6674154481526956
InjecAgent,0.0,0.06878557874762808,-1.3051121234893799,0.6674154481526956
InjecAgent,0.0,0.06925996204933586,-1.2988009452819824,0.6674154481526956
InjecAgent,0.0,0.06973434535104364,-1.2971384525299072,0.6674154481526956
InjecAgent,0.0,0.07020872865275142,-1.2920317649841309,0.6674154481526956
InjecAgent,0.0,0.0706831119544592,-1.2911202907562256,0.6674154481526956
InjecAgent,0.0,0.07115749525616698,-1.279770851135254,0.6674154481526956
InjecAgent,0.0,0.07163187855787476,-1.274456262588501,0.6674154481526956
InjecAgent,0.0,0.07210626185958255,-1.269108772277832,0.6674154481526956
InjecAgent,0.0,0.07258064516129033,-1.2634997367858887,0.6674154481526956
InjecAgent,0.0,0.0730550284629981,-1.2615971565246582,0.6674154481526956
InjecAgent,0.0,0.07352941176470588,-1.2564809322357178,0.6674154481526956
InjecAgent,0.0,0.07400379506641366,-1.2331767082214355,0.6674154481526956
InjecAgent,0.0,0.07447817836812144,-1.2281360626220703,0.6674154481526956
InjecAgent,0.0,0.07495256166982922,-1.2277460098266602,0.6674154481526956
InjecAgent,0.0,0.075426944971537,-1.2264630794525146,0.6674154481526956
InjecAgent,0.0,0.07590132827324478,-1.2256336212158203,0.6674154481526956
InjecAgent,0.0,0.07637571157495256,-1.2240467071533203,0.6674154481526956
InjecAgent,0.0,0.07685009487666034,-1.221250057220459,0.6674154481526956
InjecAgent,0.0,0.07732447817836813,-1.2037632465362549,0.6674154481526956
InjecAgent,0.0,0.0777988614800759,-1.2032251358032227,0.6674154481526956
InjecAgent,0.0,0.07827324478178369,-1.2022197246551514,0.6674154481526956
InjecAgent,0.0,0.07874762808349146,-1.1917874813079834,0.6674154481526956
InjecAgent,0.0,0.07922201138519924,-1.1896190643310547,0.6674154481526956
InjecAgent,0.0,0.07969639468690702,-1.1877684593200684,0.6674154481526956
InjecAgent,0.0,0.0801707779886148,-1.1809241771697998,0.6674154481526956
InjecAgent,0.0,0.08064516129032258,-1.1720929145812988,0.6674154481526956
InjecAgent,0.0,0.08111954459203036,-1.1649954319000244,0.6674154481526956
InjecAgent,0.0,0.08159392789373814,-1.1641712188720703,0.6674154481526956
InjecAgent,0.0,0.08206831119544591,-1.1558656692504883,0.6674154481526956
InjecAgent,0.0,0.0825426944971537,-1.1378302574157715,0.6674154481526956
InjecAgent,0.0,0.08301707779886149,-1.1169075965881348,0.6674154481526956
InjecAgent,0.0,0.08349146110056926,-1.113060474395752,0.6674154481526956
InjecAgent,0.0,0.08396584440227704,-1.106337547302246,0.6674154481526956
InjecAgent,0.0,0.08444022770398482,-1.103940486907959,0.6674154481526956
InjecAgent,0.0,0.0849146110056926,-1.0981557369232178,0.6674154481526956
InjecAgent,0.0,0.08538899430740038,-1.0945923328399658,0.6674154481526956
InjecAgent,0.0,0.08586337760910816,-1.086810827255249,0.6674154481526956
InjecAgent,0.0,0.08633776091081594,-1.0840282440185547,0.6674154481526956
InjecAgent,0.0,0.08681214421252371,-1.0681390762329102,0.6674154481526956
InjecAgent,0.0,0.0872865275142315,-1.0641748905181885,0.6674154481526956
InjecAgent,0.0,0.08776091081593927,-1.0599055290222168,0.6674154481526956
InjecAgent,0.0,0.08823529411764706,-1.0594696998596191,0.6674154481526956
InjecAgent,0.0,0.08870967741935484,-1.0589423179626465,0.6674154481526956
InjecAgent,0.0,0.08918406072106262,-1.04435133934021,0.6674154481526956
InjecAgent,0.0,0.0896584440227704,-1.0418379306793213,0.6674154481526956
InjecAgent,0.0,0.09013282732447818,-1.0375256538391113,0.6674154481526956
InjecAgent,0.0,0.09060721062618596,-1.0368142127990723,0.6674154481526956
InjecAgent,0.0,0.09108159392789374,-1.034977912902832,0.6674154481526956
InjecAgent,0.0,0.09155597722960152,-1.0325798988342285,0.6674154481526956
InjecAgent,0.0,0.0920303605313093,-1.0105111598968506,0.6674154481526956
InjecAgent,0.0,0.09250474383301707,-1.0076851844787598,0.6674154481526956
InjecAgent,0.0,0.09297912713472485,-1.0075976848602295,0.6674154481526956
InjecAgent,0.0,0.09345351043643264,-0.99696946144104,0.6674154481526956
InjecAgent,0.0,0.09392789373814042,-0.9902520179748535,0.6674154481526956
InjecAgent,0.0,0.0944022770398482,-0.9744172096252441,0.6674154481526956
InjecAgent,0.0,0.09487666034155598,-0.9734377861022949,0.6674154481526956
InjecAgent,0.0,0.09535104364326376,-0.9683315753936768,0.6674154481526956
InjecAgent,0.0,0.09582542694497154,-0.9589157104492188,0.6674154481526956
InjecAgent,0.0,0.09629981024667932,-0.9577515125274658,0.6674154481526956
InjecAgent,0.0,0.0967741935483871,-0.9563875198364258,0.6674154481526956
InjecAgent,0.0,0.09724857685009487,-0.9549386501312256,0.6674154481526956
InjecAgent,0.0,0.09772296015180265,-0.9438631534576416,0.6674154481526956
InjecAgent,0.0,0.09819734345351043,-0.9427239894866943,0.6674154481526956
InjecAgent,0.0,0.09867172675521822,-0.9303770065307617,0.6674154481526956
InjecAgent,0.0,0.099146110056926,-0.9269008636474609,0.6674154481526956
InjecAgent,0.0,0.09962049335863378,-0.9245514869689941,0.6674154481526956
InjecAgent,0.0,0.10009487666034156,-0.9227249622344971,0.6674154481526956
InjecAgent,0.0,0.10056925996204934,-0.919745683670044,0.6674154481526956
InjecAgent,0.0,0.10104364326375712,-0.9061825275421143,0.6674154481526956
InjecAgent,0.0,0.1015180265654649,-0.9017815589904785,0.6674154481526956
InjecAgent,0.0,0.10199240986717267,-0.8952147960662842,0.6674154481526956
InjecAgent,0.0,0.10246679316888045,-0.8939359188079834,0.6674154481526956
InjecAgent,0.0,0.10294117647058823,-0.8739089965820312,0.6674154481526956
InjecAgent,0.0,0.10341555977229601,-0.8738477230072021,0.6674154481526956
InjecAgent,0.0,0.1038899430740038,-0.8712635040283203,0.6674154481526956
InjecAgent,0.0,0.10436432637571158,-0.8598957061767578,0.6674154481526956
InjecAgent,0.0,0.10483870967741936,-0.8590755462646484,0.6674154481526956
InjecAgent,0.0,0.10531309297912714,-0.8573808670043945,0.6674154481526956
InjecAgent,0.0,0.10578747628083492,-0.8560581207275391,0.6674154481526956
InjecAgent,0.0,0.1062618595825427,-0.8544158935546875,0.6674154481526956
InjecAgent,0.0,0.10673624288425047,-0.8417272567749023,0.6674154481526956
InjecAgent,0.0,0.10721062618595825,-0.8410401344299316,0.6674154481526956
InjecAgent,0.0,0.10768500948766603,-0.8405907154083252,0.6674154481526956
InjecAgent,0.0,0.10815939278937381,-0.8337230682373047,0.6674154481526956
InjecAgent,0.0,0.10863377609108159,-0.8315420150756836,0.6674154481526956
InjecAgent,0.0,0.10910815939278938,-0.8266117572784424,0.6674154481526956
InjecAgent,0.0,0.10958254269449716,-0.8250699043273926,0.6674154481526956
InjecAgent,0.0,0.11005692599620494,-0.8203959465026855,0.6674154481526956
InjecAgent,0.0,0.11053130929791272,-0.8198676109313965,0.6674154481526956
InjecAgent,0.0,0.1110056925996205,-0.8164758682250977,0.6674154481526956
InjecAgent,0.0,0.11148007590132827,-0.8119289875030518,0.6674154481526956
InjecAgent,0.0,0.11195445920303605,-0.7998306751251221,0.6674154481526956
InjecAgent,0.0,0.11242884250474383,-0.7994022369384766,0.6674154481526956
InjecAgent,0.0,0.11290322580645161,-0.7984366416931152,0.6674154481526956
InjecAgent,0.0,0.11337760910815939,-0.7967939376831055,0.6674154481526956
InjecAgent,0.0,0.11385199240986717,-0.7964291572570801,0.6674154481526956
InjecAgent,0.0,0.11432637571157495,-0.796236515045166,0.6674154481526956
InjecAgent,0.0,0.11480075901328274,-0.7940261363983154,0.6674154481526956
InjecAgent,0.0,0.11527514231499052,-0.7837669849395752,0.6674154481526956
InjecAgent,0.0,0.1157495256166983,-0.7834477424621582,0.6674154481526956
InjecAgent,0.0,0.11622390891840607,-0.7830750942230225,0.6674154481526956
InjecAgent,0.0,0.11669829222011385,-0.771543025970459,0.6674154481526956
InjecAgent,0.0,0.11717267552182163,-0.7705299854278564,0.6674154481526956
InjecAgent,0.0,0.11764705882352941,-0.7694587707519531,0.6674154481526956
InjecAgent,0.0,0.11812144212523719,-0.7682530879974365,0.6674154481526956
InjecAgent,0.0,0.11859582542694497,-0.7673313617706299,0.6674154481526956
InjecAgent,0.0,0.11907020872865275,-0.7664551734924316,0.6674154481526956
InjecAgent,0.0,0.11954459203036052,-0.7596890926361084,0.6674154481526956
InjecAgent,0.0,0.12001897533206832,-0.759608268737793,0.6674154481526956
InjecAgent,0.0,0.1204933586337761,-0.7577342987060547,0.6674154481526956
InjecAgent,0.0,0.12096774193548387,-0.7559669017791748,0.6674154481526956
InjecAgent,0.0,0.12144212523719165,-0.7461566925048828,0.6674154481526956
InjecAgent,0.0,0.12191650853889943,-0.7449531555175781,0.6674154481526956
InjecAgent,0.0,0.12239089184060721,-0.74381422996521,0.6674154481526956
InjecAgent,0.0,0.12286527514231499,-0.7406339645385742,0.6674154481526956
InjecAgent,0.0,0.12333965844402277,-0.7394702434539795,0.6674154481526956
InjecAgent,0.0,0.12381404174573055,-0.736241340637207,0.6674154481526956
InjecAgent,0.0,0.12428842504743833,-0.7318100929260254,0.6674154481526956
InjecAgent,0.0,0.1247628083491461,-0.7278907299041748,0.6674154481526956
InjecAgent,0.0,0.1252371916508539,-0.7129454612731934,0.6674154481526956
InjecAgent,0.0,0.12571157495256166,-0.7083430290222168,0.6674154481526956
InjecAgent,0.0,0.12618595825426945,-0.7054059505462646,0.6674154481526956
InjecAgent,0.0,0.12666034155597722,-0.702782392501831,0.6674154481526956
InjecAgent,0.0,0.127134724857685,-0.7025914192199707,0.6674154481526956
InjecAgent,0.0,0.12760910815939278,-0.6984386444091797,0.6674154481526956
InjecAgent,0.0,0.12808349146110057,-0.695692777633667,0.6674154481526956
InjecAgent,0.0,0.12855787476280836,-0.6941516399383545,0.6674154481526956
InjecAgent,0.0,0.12903225806451613,-0.6907272338867188,0.6674154481526956
InjecAgent,0.0,0.12950664136622392,-0.6882188320159912,0.6674154481526956
InjecAgent,0.0,0.12998102466793168,-0.6860206127166748,0.6674154481526956
InjecAgent,0.0,0.13045540796963948,-0.6851496696472168,0.6674154481526956
InjecAgent,0.0,0.13092979127134724,-0.6779563426971436,0.6674154481526956
InjecAgent,0.0,0.13140417457305503,-0.6712441444396973,0.6674154481526956
InjecAgent,0.0,0.1318785578747628,-0.6668868064880371,0.6674154481526956
InjecAgent,0.0,0.1323529411764706,-0.666649580001831,0.6674154481526956
InjecAgent,0.0,0.13282732447817835,-0.664776086807251,0.6674154481526956
InjecAgent,0.0,0.13330170777988615,-0.663938045501709,0.6674154481526956
InjecAgent,0.0,0.13377609108159394,-0.6618466377258301,0.6674154481526956
InjecAgent,0.0,0.1342504743833017,-0.6611928939819336,0.6674154481526956
InjecAgent,0.0,0.1347248576850095,-0.6587820053100586,0.6674154481526956
InjecAgent,0.0,0.13519924098671726,-0.6584672927856445,0.6674154481526956
InjecAgent,0.0,0.13567362428842505,-0.6557743549346924,0.6674154481526956
InjecAgent,0.0,0.13614800759013282,-0.6521024703979492,0.6674154481526956
InjecAgent,0.0,0.1366223908918406,-0.6503047943115234,0.6674154481526956
InjecAgent,0.0,0.13709677419354838,-0.6489923000335693,0.6674154481526956
InjecAgent,0.0,0.13757115749525617,-0.6446866989135742,0.6674154481526956
InjecAgent,0.0,0.13804554079696393,-0.6413958072662354,0.6674154481526956
InjecAgent,0.0,0.13851992409867173,-0.638679027557373,0.6674154481526956
InjecAgent,0.0,0.13899430740037952,-0.635009765625,0.6674154481526956
InjecAgent,0.0,0.13946869070208728,-0.6345334053039551,0.6674154481526956
InjecAgent,0.0,0.13994307400379508,-0.6343469619750977,0.6674154481526956
InjecAgent,0.0,0.14041745730550284,-0.6334199905395508,0.6674154481526956
InjecAgent,0.0,0.14089184060721063,-0.6321697235107422,0.6674154481526956
InjecAgent,0.0,0.1413662239089184,-0.6280035972595215,0.6674154481526956
InjecAgent,0.0,0.1418406072106262,-0.6273505687713623,0.6674154481526956
InjecAgent,0.0,0.14231499051233396,-0.6222476959228516,0.6674154481526956
InjecAgent,0.0,0.14278937381404175,-0.6203937530517578,0.6674154481526956
InjecAgent,0.0,0.1432637571157495,-0.6194782257080078,0.6674154481526956
InjecAgent,0.0,0.1437381404174573,-0.6192922592163086,0.6674154481526956
InjecAgent,0.0,0.1442125237191651,-0.6121194362640381,0.6674154481526956
InjecAgent,0.0,0.14468690702087286,-0.6086626052856445,0.6674154481526956
InjecAgent,0.0,0.14516129032258066,-0.6079387664794922,0.6674154481526956
InjecAgent,0.0,0.14563567362428842,-0.6058511734008789,0.6674154481526956
InjecAgent,0.0,0.1461100569259962,-0.600041389465332,0.6674154481526956
InjecAgent,0.0,0.14658444022770398,-0.5983428955078125,0.6674154481526956
InjecAgent,0.0,0.14705882352941177,-0.5934200286865234,0.6674154481526956
InjecAgent,0.0,0.14753320683111953,-0.5914797782897949,0.6674154481526956
InjecAgent,0.0,0.14800759013282733,-0.5889019966125488,0.6674154481526956
InjecAgent,0.0,0.1484819734345351,-0.5860123634338379,0.6674154481526956
InjecAgent,0.0,0.14895635673624288,-0.584923267364502,0.6674154481526956
InjecAgent,0.0,0.14943074003795068,-0.5821976661682129,0.6674154481526956
InjecAgent,0.0,0.14990512333965844,-0.5787479877471924,0.6674154481526956
InjecAgent,0.0,0.15037950664136623,-0.5746753215789795,0.6674154481526956
InjecAgent,0.0,0.150853889943074,-0.572197437286377,0.6674154481526956
InjecAgent,0.0,0.1513282732447818,-0.5667276382446289,0.6674154481526956
InjecAgent,0.0,0.15180265654648956,-0.5636658668518066,0.6674154481526956
InjecAgent,0.0,0.15227703984819735,-0.5609166622161865,0.6674154481526956
InjecAgent,0.0,0.1527514231499051,-0.5599069595336914,0.6674154481526956
InjecAgent,0.0,0.1532258064516129,-0.5575543642044067,0.6674154481526956
InjecAgent,0.0,0.15370018975332067,-0.5575063228607178,0.6674154481526956
InjecAgent,0.0,0.15417457305502846,-0.5549006462097168,0.6674154481526956
InjecAgent,0.0,0.15464895635673626,-0.5523779392242432,0.6674154481526956
InjecAgent,0.0,0.15512333965844402,-0.5497927665710449,0.6674154481526956
InjecAgent,0.0,0.1555977229601518,-0.541126012802124,0.6674154481526956
InjecAgent,0.0,0.15607210626185958,-0.5408358573913574,0.6674154481526956
InjecAgent,0.0,0.15654648956356737,-0.5316257476806641,0.6674154481526956
InjecAgent,0.0,0.15702087286527514,-0.5308711528778076,0.6674154481526956
InjecAgent,0.0,0.15749525616698293,-0.5291500091552734,0.6674154481526956
InjecAgent,0.0,0.1579696394686907,-0.5283203125,0.6674154481526956
InjecAgent,0.0,0.15844402277039848,-0.5198462009429932,0.6674154481526956
InjecAgent,0.0,0.15891840607210625,-0.515883207321167,0.6674154481526956
InjecAgent,0.0,0.15939278937381404,-0.5114649534225464,0.6674154481526956
InjecAgent,0.0,0.15986717267552183,-0.5014674663543701,0.6674154481526956
InjecAgent,0.0,0.1603415559772296,-0.49208521842956543,0.6674154481526956
InjecAgent,0.0,0.1608159392789374,-0.4900321960449219,0.6674154481526956
InjecAgent,0.0,0.16129032258064516,-0.48887646198272705,0.6674154481526956
InjecAgent,0.0,0.16176470588235295,-0.48853862285614014,0.6674154481526956
InjecAgent,0.0,0.16223908918406071,-0.48699069023132324,0.6674154481526956
InjecAgent,0.0,0.1627134724857685,-0.4869821071624756,0.6674154481526956
InjecAgent,0.0,0.16318785578747627,-0.4853222370147705,0.6674154481526956
InjecAgent,0.0,0.16366223908918406,-0.4852238893508911,0.6674154481526956
InjecAgent,0.0,0.16413662239089183,-0.48274362087249756,0.6674154481526956
InjecAgent,0.0,0.16461100569259962,-0.48215460777282715,0.6674154481526956
InjecAgent,0.0,0.1650853889943074,-0.4813786745071411,0.6674154481526956
InjecAgent,0.0,0.16555977229601518,-0.4805715084075928,0.6674154481526956
InjecAgent,0.0,0.16603415559772297,-0.4801825284957886,0.6674154481526956
InjecAgent,0.0,0.16650853889943074,-0.47724950313568115,0.6674154481526956
InjecAgent,0.0,0.16698292220113853,-0.4764190912246704,0.6674154481526956
InjecAgent,0.0,0.1674573055028463,-0.47341489791870117,0.6674154481526956
InjecAgent,0.0,0.16793168880455409,-0.4626246690750122,0.6674154481526956
InjecAgent,0.0,0.16840607210626185,-0.45746803283691406,0.6674154481526956
InjecAgent,0.0,0.16888045540796964,-0.45673811435699463,0.6674154481526956
InjecAgent,0.0,0.1693548387096774,-0.4562262296676636,0.6674154481526956
InjecAgent,0.0,0.1698292220113852,-0.45517027378082275,0.6674154481526956
InjecAgent,0.0,0.170303605313093,-0.45494091510772705,0.6674154481526956
InjecAgent,0.0,0.17077798861480076,-0.4521808624267578,0.6674154481526956
InjecAgent,0.0,0.17125237191650855,-0.45116448402404785,0.6674154481526956
InjecAgent,0.0,0.17172675521821631,-0.45042121410369873,0.6674154481526956
InjecAgent,0.0,0.1722011385199241,-0.44926655292510986,0.6674154481526956
InjecAgent,0.0,0.17267552182163187,-0.4492359161376953,0.6674154481526956
InjecAgent,0.0,0.17314990512333966,-0.4470255374908447,0.6674154481526956
InjecAgent,0.0,0.17362428842504743,-0.44603776931762695,0.6674154481526956
InjecAgent,0.0,0.17409867172675522,-0.4440206289291382,0.6674154481526956
InjecAgent,0.0,0.174573055028463,-0.4394582509994507,0.6674154481526956
InjecAgent,0.0,0.17504743833017078,-0.43832075595855713,0.6674154481526956
InjecAgent,0.0,0.17552182163187854,-0.43576228618621826,0.6674154481526956
InjecAgent,0.0,0.17599620493358634,-0.42713212966918945,0.6674154481526956
InjecAgent,0.0,0.17647058823529413,-0.4200425148010254,0.6674154481526956
InjecAgent,0.0,0.1769449715370019,-0.41763007640838623,0.6674154481526956
InjecAgent,0.0,0.1774193548387097,-0.41565775871276855,0.6674154481526956
InjecAgent,0.0,0.17789373814041745,-0.413543701171875,0.6674154481526956
InjecAgent,0.0,0.17836812144212524,-0.41233575344085693,0.6674154481526956
InjecAgent,0.0,0.178842504743833,-0.39522886276245117,0.6674154481526956
InjecAgent,0.0,0.1793168880455408,-0.38228631019592285,0.6674154481526956
InjecAgent,0.0,0.17979127134724857,-0.38137781620025635,0.6674154481526956
InjecAgent,0.0,0.18026565464895636,-0.3768796920776367,0.6674154481526956
InjecAgent,0.0,0.18074003795066412,-0.37448322772979736,0.6674154481526956
InjecAgent,0.0,0.18121442125237192,-0.3692241907119751,0.6674154481526956
InjecAgent,0.0,0.1816888045540797,-0.36807072162628174,0.6674154481526956
InjecAgent,0.0,0.18216318785578747,-0.3676530122756958,0.6674154481526956
InjecAgent,0.0,0.18263757115749527,-0.3655848503112793,0.6674154481526956
InjecAgent,0.0,0.18311195445920303,-0.3563193082809448,0.6674154481526956
InjecAgent,0.0,0.18358633776091082,-0.3556128740310669,0.6674154481526956
InjecAgent,0.0,0.1840607210626186,-0.35368990898132324,0.6674154481526956
InjecAgent,0.0,0.18453510436432638,-0.34594130516052246,0.6674154481526956
InjecAgent,0.0,0.18500948766603414,-0.34582531452178955,0.6674154481526956
InjecAgent,0.0,0.18548387096774194,-0.34114742279052734,0.6674154481526956
InjecAgent,0.0,0.1859582542694497,-0.3400583267211914,0.6674154481526956
InjecAgent,0.0,0.1864326375711575,-0.33890461921691895,0.6674154481526956
InjecAgent,0.0,0.1869070208728653,-0.3330632448196411,0.6674154481526956
InjecAgent,0.0,0.18738140417457305,-0.331850528717041,0.6674154481526956
InjecAgent,0.0,0.18785578747628084,-0.3294651508331299,0.6674154481526956
InjecAgent,0.0,0.1883301707779886,-0.32651782035827637,0.6674154481526956
InjecAgent,0.0,0.1888045540796964,-0.32557249069213867,0.6674154481526956
InjecAgent,0.0,0.18927893738140417,-0.323697566986084,0.6674154481526956
InjecAgent,0.0,0.18975332068311196,-0.32317662239074707,0.6674154481526956
InjecAgent,0.0,0.19022770398481972,-0.32283926010131836,0.6674154481526956
InjecAgent,0.0,0.19070208728652752,-0.3203871250152588,0.6674154481526956
InjecAgent,0.0,0.19117647058823528,-0.31717944145202637,0.6674154481526956
InjecAgent,0.0,0.19165085388994307,-0.3157668113708496,0.6674154481526956
InjecAgent,0.0,0.19212523719165087,-0.3137478828430176,0.6674154481526956
InjecAgent,0.0,0.19259962049335863,-0.3107600212097168,0.6674154481526956
InjecAgent,0.0,0.19307400379506642,-0.30724453926086426,0.6674154481526956
InjecAgent,0.0,0.1935483870967742,-0.30689144134521484,0.6674154481526956
InjecAgent,0.0,0.19402277039848198,-0.3008615970611572,0.6674154481526956
InjecAgent,0.0,0.19449715370018975,-0.2994260787963867,0.6674154481526956
InjecAgent,0.0,0.19497153700189754,-0.2986788749694824,0.6674154481526956
InjecAgent,0.0,0.1954459203036053,-0.29827404022216797,0.6674154481526956
InjecAgent,0.0,0.1959203036053131,-0.29715538024902344,0.6674154481526956
InjecAgent,0.0,0.19639468690702086,-0.29512572288513184,0.6674154481526956
InjecAgent,0.0,0.19686907020872865,-0.2934774160385132,0.6674154481526956
InjecAgent,0.0,0.19734345351043645,-0.289306640625,0.6674154481526956
InjecAgent,0.0,0.1978178368121442,-0.2860065698623657,0.6674154481526956
InjecAgent,0.0,0.198292220113852,-0.28512120246887207,0.6674154481526956
InjecAgent,0.0,0.19876660341555977,-0.2810567617416382,0.6674154481526956
InjecAgent,0.0,0.19924098671726756,-0.27759432792663574,0.6674154481526956
InjecAgent,0.0,0.19971537001897532,-0.2744724750518799,0.6674154481526956
InjecAgent,0.0,0.20018975332068312,-0.2714270353317261,0.6674154481526956
InjecAgent,0.0,0.20066413662239088,-0.2712118625640869,0.6674154481526956
InjecAgent,0.0,0.20113851992409867,-0.26969730854034424,0.6674154481526956
InjecAgent,0.0,0.20161290322580644,-0.2671346664428711,0.6674154481526956
InjecAgent,0.0,0.20208728652751423,-0.26464879512786865,0.6674154481526956
InjecAgent,0.0,0.20256166982922202,-0.26287221908569336,0.6674154481526956
InjecAgent,0.0,0.2030360531309298,-0.2615079879760742,0.6674154481526956
InjecAgent,0.0,0.20351043643263758,-0.2614724636077881,0.6674154481526956
InjecAgent,0.0,0.20398481973434535,-0.2576409578323364,0.6674154481526956
InjecAgent,0.0,0.20445920303605314,-0.25514984130859375,0.6674154481526956
InjecAgent,0.0,0.2049335863377609,-0.25513672828674316,0.6674154481526956
InjecAgent,0.0,0.2054079696394687,-0.25495028495788574,0.6674154481526956
InjecAgent,0.0,0.20588235294117646,-0.2511167526245117,0.6674154481526956
InjecAgent,0.0,0.20635673624288425,-0.24844646453857422,0.6674154481526956
InjecAgent,0.0,0.20683111954459202,-0.2478492259979248,0.6674154481526956
InjecAgent,0.0,0.2073055028462998,-0.24769330024719238,0.6674154481526956
InjecAgent,0.0,0.2077798861480076,-0.2462472915649414,0.6674154481526956
InjecAgent,0.0,0.20825426944971537,-0.24429845809936523,0.6674154481526956
InjecAgent,0.0,0.20872865275142316,-0.24236130714416504,0.6674154481526956
InjecAgent,0.0,0.20920303605313093,-0.23700571060180664,0.6674154481526956
InjecAgent,0.0,0.20967741935483872,-0.2361283302307129,0.6674154481526956
InjecAgent,0.0,0.21015180265654648,-0.23310482501983643,0.6674154481526956
InjecAgent,0.0,0.21062618595825428,-0.2316063642501831,0.6674154481526956
InjecAgent,0.0,0.21110056925996204,-0.23030972480773926,0.6674154481526956
InjecAgent,0.0,0.21157495256166983,-0.22538518905639648,0.6674154481526956
InjecAgent,0.0,0.2120493358633776,-0.22246813774108887,0.6674154481526956
InjecAgent,0.0,0.2125237191650854,-0.2204737663269043,0.6674154481526956
InjecAgent,0.0,0.21299810246679318,-0.2128591537475586,0.6674154481526956
InjecAgent,0.0,0.21347248576850095,-0.21262097358703613,0.6674154481526956
InjecAgent,0.0,0.21394686907020874,-0.2098522186279297,0.6674154481526956
InjecAgent,0.0,0.2144212523719165,-0.20733988285064697,0.6674154481526956
InjecAgent,0.0,0.2148956356736243,-0.20615124702453613,0.6674154481526956
InjecAgent,0.0,0.21537001897533206,-0.20447897911071777,0.6674154481526956
InjecAgent,0.0,0.21584440227703985,-0.1998157501220703,0.6674154481526956
InjecAgent,0.0,0.21631878557874762,-0.19733977317810059,0.6674154481526956
InjecAgent,0.0,0.2167931688804554,-0.19027185440063477,0.6674154481526956
InjecAgent,0.0,0.21726755218216318,-0.18575763702392578,0.6674154481526956
InjecAgent,0.0,0.21774193548387097,-0.1837460994720459,0.6674154481526956
InjecAgent,0.0,0.21821631878557876,-0.18186664581298828,0.6674154481526956
InjecAgent,0.0,0.21869070208728653,-0.18077635765075684,0.6674154481526956
InjecAgent,0.0,0.21916508538899432,-0.17816710472106934,0.6674154481526956
InjecAgent,0.0,0.21963946869070208,-0.1749114990234375,0.6674154481526956
InjecAgent,0.0,0.22011385199240988,-0.17430925369262695,0.6674154481526956
InjecAgent,0.0,0.22058823529411764,-0.1721210479736328,0.6674154481526956
InjecAgent,0.0,0.22106261859582543,-0.16650772094726562,0.6674154481526956
InjecAgent,0.0,0.2215370018975332,-0.1640564203262329,0.6674154481526956
InjecAgent,0.0,0.222011385199241,-0.1630239486694336,0.6674154481526956
InjecAgent,0.0,0.22248576850094876,-0.15963256359100342,0.6674154481526956
InjecAgent,0.0,0.22296015180265655,-0.15901470184326172,0.6674154481526956
InjecAgent,0.0,0.22343453510436434,-0.1568828821182251,0.6674154481526956
InjecAgent,0.0,0.2239089184060721,-0.15657496452331543,0.6674154481526956
InjecAgent,0.0,0.2243833017077799,-0.15583419799804688,0.6674154481526956
InjecAgent,0.0,0.22485768500948766,-0.15312719345092773,0.6674154481526956
InjecAgent,0.0,0.22533206831119545,-0.1530081033706665,0.6674154481526956
InjecAgent,0.0,0.22580645161290322,-0.1526200771331787,0.6674154481526956
InjecAgent,0.0,0.226280834914611,-0.15220463275909424,0.6674154481526956
InjecAgent,0.0,0.22675521821631878,-0.15163159370422363,0.6674154481526956
InjecAgent,0.0,0.22722960151802657,-0.15020394325256348,0.6674154481526956
InjecAgent,0.0,0.22770398481973433,-0.14923465251922607,0.6674154481526956
InjecAgent,0.0,0.22817836812144213,-0.14868402481079102,0.6674154481526956
InjecAgent,0.0,0.2286527514231499,-0.14379477500915527,0.6674154481526956
InjecAgent,0.0,0.22912713472485768,-0.1414700746536255,0.6674154481526956
InjecAgent,0.0,0.22960151802656548,-0.13604676723480225,0.6674154481526956
InjecAgent,0.0,0.23007590132827324,-0.13551831245422363,0.6674154481526956
InjecAgent,0.0,0.23055028462998103,-0.13500690460205078,0.6674154481526956
InjecAgent,0.0,0.2310246679316888,-0.1338503360748291,0.6674154481526956
InjecAgent,0.0,0.2314990512333966,-0.13248181343078613,0.6674154481526956
InjecAgent,0.0,0.23197343453510436,-0.13202714920043945,0.6674154481526956
InjecAgent,0.0,0.23244781783681215,-0.13201749324798584,0.6674154481526956
InjecAgent,0.0,0.2329222011385199,-0.13020682334899902,0.6674154481526956
InjecAgent,0.0,0.2333965844402277,-0.1295245885848999,0.6674154481526956
InjecAgent,0.0,0.23387096774193547,-0.12800288200378418,0.6674154481526956
InjecAgent,0.0,0.23434535104364326,-0.1275920867919922,0.6674154481526956
InjecAgent,0.0,0.23481973434535106,-0.12556397914886475,0.6674154481526956
InjecAgent,0.0,0.23529411764705882,-0.12475526332855225,0.6674154481526956
InjecAgent,0.0,0.2357685009487666,-0.12327587604522705,0.6674154481526956
InjecAgent,0.0,0.23624288425047438,-0.1225653886795044,0.6674154481526956
InjecAgent,0.0,0.23671726755218217,-0.11587703227996826,0.6674154481526956
InjecAgent,0.0,0.23719165085388993,-0.11544108390808105,0.6674154481526956
InjecAgent,0.0,0.23766603415559773,-0.11264920234680176,0.6674154481526956
InjecAgent,0.0,0.2381404174573055,-0.11054527759552002,0.6674154481526956
InjecAgent,0.0,0.23861480075901328,-0.10480070114135742,0.6674154481526956
InjecAgent,0.0,0.23908918406072105,-0.10465359687805176,0.6674154481526956
InjecAgent,0.0,0.23956356736242884,-0.10393035411834717,0.6674154481526956
InjecAgent,0.0,0.24003795066413663,-0.10139119625091553,0.6674154481526956
InjecAgent,0.0,0.2405123339658444,-0.10075259208679199,0.6674154481526956
InjecAgent,0.0,0.2409867172675522,-0.09806442260742188,0.6674154481526956
InjecAgent,0.0,0.24146110056925996,-0.09511017799377441,0.6674154481526956
InjecAgent,0.0,0.24193548387096775,-0.09464097023010254,0.6674154481526956
InjecAgent,0.0,0.2424098671726755,-0.09461545944213867,0.6674154481526956
InjecAgent,0.0,0.2428842504743833,-0.09282183647155762,0.6674154481526956
InjecAgent,0.0,0.24335863377609107,-0.08829843997955322,0.6674154481526956
InjecAgent,0.0,0.24383301707779886,-0.08826231956481934,0.6674154481526956
InjecAgent,0.0,0.24430740037950663,-0.0848991870880127,0.6674154481526956
InjecAgent,0.0,0.24478178368121442,-0.08484137058258057,0.6674154481526956
InjecAgent,0.0,0.2452561669829222,-0.08402562141418457,0.6674154481526956
InjecAgent,0.0,0.24573055028462998,-0.08347487449645996,0.6674154481526956
InjecAgent,0.0,0.24620493358633777,-0.08304226398468018,0.6674154481526956
InjecAgent,0.0,0.24667931688804554,-0.08211779594421387,0.6674154481526956
InjecAgent,0.0,0.24715370018975333,-0.08137226104736328,0.6674154481526956
InjecAgent,0.0,0.2476280834914611,-0.08008706569671631,0.6674154481526956
InjecAgent,0.0,0.24810246679316889,-0.07832503318786621,0.6674154481526956
InjecAgent,0.0,0.24857685009487665,-0.07776117324829102,0.6674154481526956
InjecAgent,0.0,0.24905123339658444,-0.07740771770477295,0.6674154481526956
InjecAgent,0.0,0.2495256166982922,-0.07635438442230225,0.6674154481526956
InjecAgent,0.0,0.25,-0.07489657402038574,0.6674154481526956
InjecAgent,0.0,0.2504743833017078,-0.0728604793548584,0.6674154481526956
InjecAgent,0.0,0.2509487666034156,-0.07270801067352295,0.6674154481526956
InjecAgent,0.0,0.2514231499051233,-0.06753277778625488,0.6674154481526956
InjecAgent,0.0,0.2518975332068311,-0.06745791435241699,0.6674154481526956
InjecAgent,0.0,0.2523719165085389,-0.06599295139312744,0.6674154481526956
InjecAgent,0.0,0.2528462998102467,-0.0617375373840332,0.6674154481526956
InjecAgent,0.0,0.25332068311195444,-0.06151914596557617,0.6674154481526956
InjecAgent,0.0,0.25379506641366223,-0.05767107009887695,0.6674154481526956
InjecAgent,0.0,0.25426944971537,-0.057128310203552246,0.6674154481526956
InjecAgent,0.0,0.2547438330170778,-0.049532413482666016,0.6674154481526956
InjecAgent,0.0,0.25521821631878555,-0.04622983932495117,0.6674154481526956
InjecAgent,0.0,0.25569259962049334,-0.04001212120056152,0.6674154481526956
InjecAgent,0.0,0.25616698292220114,-0.03852570056915283,0.6674154481526956
InjecAgent,0.0,0.25664136622390893,-0.038284897804260254,0.6674154481526956
InjecAgent,0.0,0.2571157495256167,-0.037064433097839355,0.6674154481526956
InjecAgent,0.0,0.25759013282732446,-0.03013920783996582,0.6674154481526956
InjecAgent,0.0,0.25806451612903225,-0.024127960205078125,0.6674154481526956
InjecAgent,0.0,0.25853889943074004,-0.023597359657287598,0.6674154481526956
InjecAgent,0.0,0.25901328273244784,-0.02333521842956543,0.6674154481526956
InjecAgent,0.0,0.2594876660341556,-0.018253445625305176,0.6674154481526956
InjecAgent,0.0,0.25996204933586337,-0.011260509490966797,0.6674154481526956
InjecAgent,0.0,0.26043643263757116,-0.010272026062011719,0.6674154481526956
InjecAgent,0.0,0.26091081593927895,-0.009594559669494629,0.6674154481526956
InjecAgent,0.0,0.26138519924098674,-0.006142616271972656,0.6674154481526956
InjecAgent,0.0,0.2618595825426945,-0.004949808120727539,0.6674154481526956
InjecAgent,0.0,0.2623339658444023,-0.00240325927734375,0.6674154481526956
InjecAgent,0.0,0.26280834914611007,-0.002299070358276367,0.6674154481526956
InjecAgent,0.0,0.26328273244781786,-0.0016552209854125977,0.6674154481526956
InjecAgent,0.0,0.2637571157495256,0.0035212039947509766,0.6674154481526956
InjecAgent,0.0,0.2642314990512334,0.004604339599609375,0.6674154481526956
InjecAgent,0.0,0.2647058823529412,0.0062569379806518555,0.6674154481526956
InjecAgent,0.0,0.265180265654649,0.006470322608947754,0.6674154481526956
InjecAgent,0.0,0.2656546489563567,0.007906794548034668,0.6674154481526956
InjecAgent,0.0,0.2661290322580645,0.008247613906860352,0.6674154481526956
InjecAgent,0.0,0.2666034155597723,0.010355234146118164,0.6674154481526956
InjecAgent,0.0,0.2670777988614801,0.021102070808410645,0.6674154481526956
InjecAgent,0.0,0.2675521821631879,0.021687030792236328,0.6674154481526956
InjecAgent,0.0,0.2680265654648956,0.02437877655029297,0.6674154481526956
InjecAgent,0.0,0.2685009487666034,0.0281527042388916,0.6674154481526956
InjecAgent,0.0,0.2689753320683112,0.029213428497314453,0.6674154481526956
InjecAgent,0.0,0.269449715370019,0.029507994651794434,0.6674154481526956
InjecAgent,0.0,0.26992409867172673,0.03167831897735596,0.6674154481526956
InjecAgent,0.0,0.2703984819734345,0.033989906311035156,0.6674154481526956
InjecAgent,0.0,0.2708728652751423,0.035143136978149414,0.6674154481526956
InjecAgent,0.0,0.2713472485768501,0.035558462142944336,0.6674154481526956
InjecAgent,0.0,0.2718216318785579,0.039612770080566406,0.6674154481526956
InjecAgent,0.0,0.27229601518026564,0.0437924861907959,0.6674154481526956
InjecAgent,0.0,0.27277039848197343,0.05141723155975342,0.6674154481526956
InjecAgent,0.0,0.2732447817836812,0.052962303161621094,0.6674154481526956
InjecAgent,0.0,0.273719165085389,0.05381941795349121,0.6674154481526956
InjecAgent,0.0,0.27419354838709675,0.05387115478515625,0.6674154481526956
InjecAgent,0.0,0.27466793168880455,0.05682170391082764,0.6674154481526956
InjecAgent,0.0,0.27514231499051234,0.05856311321258545,0.6674154481526956
InjecAgent,0.0,0.27561669829222013,0.05920135974884033,0.6674154481526956
InjecAgent,0.0,0.27609108159392787,0.06067931652069092,0.6674154481526956
InjecAgent,0.0,0.27656546489563566,0.061147451400756836,0.6674154481526956
InjecAgent,0.0,0.27703984819734345,0.0680229663848877,0.6674154481526956
InjecAgent,0.0,0.27751423149905124,0.07117927074432373,0.6674154481526956
InjecAgent,0.0,0.27798861480075904,0.07124733924865723,0.6674154481526956
InjecAgent,0.0,0.2784629981024668,0.07236981391906738,0.6674154481526956
InjecAgent,0.0,0.27893738140417457,0.07356834411621094,0.6674154481526956
InjecAgent,0.0,0.27941176470588236,0.0740206241607666,0.6674154481526956
InjecAgent,0.0,0.27988614800759015,0.08076417446136475,0.6674154481526956
InjecAgent,0.0,0.2803605313092979,0.0817110538482666,0.6674154481526956
InjecAgent,0.0,0.2808349146110057,0.0818171501159668,0.6674154481526956
InjecAgent,0.0,0.2813092979127135,0.08269286155700684,0.6674154481526956
InjecAgent,0.0,0.28178368121442127,0.08357810974121094,0.6674154481526956
InjecAgent,0.0,0.28225806451612906,0.08360838890075684,0.6674154481526956
InjecAgent,0.0,0.2827324478178368,0.08391499519348145,0.6674154481526956
InjecAgent,0.0,0.2832068311195446,0.08562541007995605,0.6674154481526956
InjecAgent,0.0,0.2836812144212524,0.08645915985107422,0.6674154481526956
InjecAgent,0.0,0.2841555977229602,0.08701574802398682,0.6674154481526956
InjecAgent,0.0,0.2846299810246679,0.08762621879577637,0.6674154481526956
InjecAgent,0.0,0.2851043643263757,0.09003448486328125,0.6674154481526956
InjecAgent,0.0,0.2855787476280835,0.09060442447662354,0.6674154481526956
InjecAgent,0.0,0.2860531309297913,0.09524774551391602,0.6674154481526956
InjecAgent,0.0,0.286527514231499,0.0957564115524292,0.6674154481526956
InjecAgent,0.0,0.2870018975332068,0.09576010704040527,0.6674154481526956
InjecAgent,0.0,0.2874762808349146,0.09781289100646973,0.6674154481526956
InjecAgent,0.0,0.2879506641366224,0.10025286674499512,0.6674154481526956
InjecAgent,0.0,0.2884250474383302,0.10209858417510986,0.6674154481526956
InjecAgent,0.0,0.28889943074003793,0.1028980016708374,0.6674154481526956
InjecAgent,0.0,0.2893738140417457,0.10303640365600586,0.6674154481526956
InjecAgent,0.0,0.2898481973434535,0.11639189720153809,0.6674154481526956
InjecAgent,0.0,0.2903225806451613,0.1180570125579834,0.6674154481526956
InjecAgent,0.0,0.29079696394686905,0.11947441101074219,0.6674154481526956
InjecAgent,0.0,0.29127134724857684,0.11958622932434082,0.6674154481526956
InjecAgent,0.0,0.29174573055028463,0.12436723709106445,0.6674154481526956
InjecAgent,0.0,0.2922201138519924,0.12559282779693604,0.6674154481526956
InjecAgent,0.0,0.2926944971537002,0.12815678119659424,0.6674154481526956
InjecAgent,0.0,0.29316888045540795,0.13025033473968506,0.6674154481526956
InjecAgent,0.0,0.29364326375711575,0.13330817222595215,0.6674154481526956
InjecAgent,0.0,0.29411764705882354,0.1351323127746582,0.6674154481526956
InjecAgent,0.0,0.29459203036053133,0.13610148429870605,0.6674154481526956
InjecAgent,0.0,0.29506641366223907,0.13806438446044922,0.6674154481526956
InjecAgent,0.0,0.29554079696394686,0.1411590576171875,0.6674154481526956
InjecAgent,0.0,0.29601518026565465,0.1416938304901123,0.6674154481526956
InjecAgent,0.0,0.29648956356736245,0.1417546272277832,0.6674154481526956
InjecAgent,0.0,0.2969639468690702,0.1433112621307373,0.6674154481526956
InjecAgent,0.0,0.297438330170778,0.14352667331695557,0.6674154481526956
InjecAgent,0.0,0.29791271347248577,0.1464073657989502,0.6674154481526956
InjecAgent,0.0,0.29838709677419356,0.14709985256195068,0.6674154481526956
InjecAgent,0.0,0.29886148007590135,0.14900493621826172,0.6674154481526956
InjecAgent,0.0,0.2993358633776091,0.1560194492340088,0.6674154481526956
InjecAgent,0.0,0.2998102466793169,0.15620136260986328,0.6674154481526956
InjecAgent,0.0,0.3002846299810247,0.16255450248718262,0.6674154481526956
InjecAgent,0.0,0.30075901328273247,0.16469967365264893,0.6674154481526956
InjecAgent,0.0,0.3012333965844402,0.1650928258895874,0.6674154481526956
InjecAgent,0.0,0.301707779886148,0.17282605171203613,0.6674154481526956
InjecAgent,0.0,0.3021821631878558,0.1743100881576538,0.6674154481526956
InjecAgent,0.0,0.3026565464895636,0.17444372177124023,0.6674154481526956
InjecAgent,0.0,0.3031309297912713,0.1760467290878296,0.6674154481526956
InjecAgent,0.0,0.3036053130929791,0.17698228359222412,0.6674154481526956
InjecAgent,0.0,0.3040796963946869,0.18002045154571533,0.6674154481526956
InjecAgent,0.0,0.3045540796963947,0.1866004467010498,0.6674154481526956
InjecAgent,0.0,0.3050284629981025,0.18769621849060059,0.6674154481526956
InjecAgent,0.0,0.3055028462998102,0.189347505569458,0.6674154481526956
InjecAgent,0.0,0.305977229601518,0.19148468971252441,0.6674154481526956
InjecAgent,0.058823529411764705,0.34867172675521824,0.19611263275146484,0.6674154481526956
InjecAgent,0.058823529411764705,0.349146110056926,0.19681692123413086,0.6674154481526956
InjecAgent,0.058823529411764705,0.34962049335863377,0.19892609119415283,0.6674154481526956
InjecAgent,0.058823529411764705,0.35009487666034156,0.20115196704864502,0.6674154481526956
InjecAgent,0.058823529411764705,0.35056925996204935,0.20139241218566895,0.6674154481526956
InjecAgent,0.058823529411764705,0.3510436432637571,0.20458877086639404,0.6674154481526956
InjecAgent,0.058823529411764705,0.3515180265654649,0.21382856369018555,0.6674154481526956
InjecAgent,0.058823529411764705,0.3519924098671727,0.2140570878982544,0.6674154481526956
InjecAgent,0.058823529411764705,0.35246679316888047,0.21621417999267578,0.6674154481526956
InjecAgent,0.058823529411764705,0.35294117647058826,0.21739459037780762,0.6674154481526956
InjecAgent,0.058823529411764705,0.353415559772296,0.2179328203201294,0.6674154481526956
InjecAgent,0.058823529411764705,0.3538899430740038,0.21903252601623535,0.6674154481526956
InjecAgent,0.11764705882352941,0.3908918406072106,0.22150135040283203,0.6674154481526956
InjecAgent,0.11764705882352941,0.3913662239089184,0.22594833374023438,0.6674154481526956
InjecAgent,0.11764705882352941,0.3918406072106262,0.22649073600769043,0.6674154481526956
InjecAgent,0.11764705882352941,0.392314990512334,0.23170316219329834,0.6674154481526956
InjecAgent,0.11764705882352941,0.3927893738140417,0.23571252822875977,0.6674154481526956
InjecAgent,0.11764705882352941,0.3932637571157495,0.23657023906707764,0.6674154481526956
InjecAgent,0.11764705882352941,0.3937381404174573,0.24007904529571533,0.6674154481526956
InjecAgent,0.11764705882352941,0.3942125237191651,0.24010634422302246,0.6674154481526956
InjecAgent,0.11764705882352941,0.3946869070208729,0.24026107788085938,0.6674154481526956
InjecAgent,0.11764705882352941,0.3951612903225806,0.2429521083831787,0.6674154481526956
InjecAgent,0.11764705882352941,0.3956356736242884,0.24375903606414795,0.6674154481526956
InjecAgent,0.11764705882352941,0.3961100569259962,0.2499220371246338,0.6674154481526956
InjecAgent,0.11764705882352941,0.396584440227704,0.2522529363632202,0.6674154481526956
InjecAgent,0.11764705882352941,0.39705882352941174,0.2544642686843872,0.6674154481526956
InjecAgent,0.11764705882352941,0.39753320683111953,0.2562844753265381,0.6674154481526956
InjecAgent,0.11764705882352941,0.3980075901328273,0.2583792209625244,0.6674154481526956
InjecAgent,0.11764705882352941,0.3984819734345351,0.26060259342193604,0.6674154481526956
InjecAgent,0.11764705882352941,0.3989563567362429,0.26143550872802734,0.6674154481526956
InjecAgent,0.11764705882352941,0.39943074003795065,0.26253437995910645,0.6674154481526956
InjecAgent,0.11764705882352941,0.39990512333965844,0.2639460563659668,0.6674154481526956
InjecAgent,0.11764705882352941,0.40037950664136623,0.26478111743927,0.6674154481526956
InjecAgent,0.11764705882352941,0.400853889943074,0.2650599479675293,0.6674154481526956
InjecAgent,0.11764705882352941,0.40132827324478176,0.2662700414657593,0.6674154481526956
InjecAgent,0.11764705882352941,0.40180265654648956,0.268801212310791,0.6674154481526956
InjecAgent,0.11764705882352941,0.40227703984819735,0.27063262462615967,0.6674154481526956
InjecAgent,0.11764705882352941,0.40275142314990514,0.2718777656555176,0.6674154481526956
InjecAgent,0.11764705882352941,0.4032258064516129,0.2756614685058594,0.6674154481526956
InjecAgent,0.11764705882352941,0.40370018975332067,0.2777562141418457,0.6674154481526956
InjecAgent,0.11764705882352941,0.40417457305502846,0.28015589714050293,0.6674154481526956
InjecAgent,0.11764705882352941,0.40464895635673626,0.2804746627807617,0.6674154481526956
InjecAgent,0.17647058823529413,0.45208728652751423,0.28346240520477295,0.6674154481526956
InjecAgent,0.17647058823529413,0.452561669829222,0.2844972610473633,0.6674154481526956
InjecAgent,0.17647058823529413,0.4530360531309298,0.28537893295288086,0.6674154481526956
InjecAgent,0.17647058823529413,0.45351043643263755,0.2855701446533203,0.6674154481526956
InjecAgent,0.17647058823529413,0.45398481973434535,0.28586554527282715,0.6674154481526956
InjecAgent,0.17647058823529413,0.45445920303605314,0.2878841161727905,0.6674154481526956
InjecAgent,0.17647058823529413,0.45493358633776093,0.29158830642700195,0.6674154481526956
InjecAgent,0.17647058823529413,0.45540796963946867,0.2940552234649658,0.6674154481526956
InjecAgent,0.23529411764705882,0.49240986717267554,0.2995237112045288,0.6674154481526956
InjecAgent,0.23529411764705882,0.4928842504743833,0.30516910552978516,0.6674154481526956
InjecAgent,0.23529411764705882,0.49335863377609107,0.3119720220565796,0.6674154481526956
InjecAgent,0.23529411764705882,0.49383301707779886,0.31239891052246094,0.6674154481526956
InjecAgent,0.23529411764705882,0.49430740037950666,0.3147362470626831,0.6674154481526956
InjecAgent,0.23529411764705882,0.49478178368121445,0.31558525562286377,0.6674154481526956
InjecAgent,0.23529411764705882,0.4952561669829222,0.3172426223754883,0.6674154481526956
InjecAgent,0.23529411764705882,0.49573055028463,0.3185330629348755,0.6674154481526956
InjecAgent,0.23529411764705882,0.49620493358633777,0.32152581214904785,0.6674154481526956
InjecAgent,0.23529411764705882,0.49667931688804556,0.3218191862106323,0.6674154481526956
InjecAgent,0.23529411764705882,0.4971537001897533,0.32292377948760986,0.6674154481526956
InjecAgent,0.29411764705882354,0.5341555977229602,0.32576560974121094,0.6674154481526956
InjecAgent,0.29411764705882354,0.534629981024668,0.3259016275405884,0.6674154481526956
InjecAgent,0.29411764705882354,0.5351043643263758,0.3269474506378174,0.6674154481526956
InjecAgent,0.29411764705882354,0.5355787476280834,0.32783043384552,0.6674154481526956
InjecAgent,0.35294117647058826,0.5706831119544592,0.3281857967376709,0.6674154481526956
InjecAgent,0.35294117647058826,0.571157495256167,0.33246171474456787,0.6674154481526956
InjecAgent,0.35294117647058826,0.5716318785578748,0.33382880687713623,0.6674154481526956
InjecAgent,0.35294117647058826,0.5721062618595826,0.3353393077850342,0.6674154481526956
InjecAgent,0.35294117647058826,0.5725806451612904,0.335904598236084,0.6674154481526956
InjecAgent,0.35294117647058826,0.573055028462998,0.33899497985839844,0.6674154481526956
InjecAgent,0.4117647058823529,0.6095825426944972,0.3415694236755371,0.6674154481526956
InjecAgent,0.4117647058823529,0.610056925996205,0.34167003631591797,0.6674154481526956
InjecAgent,0.4117647058823529,0.6105313092979127,0.34642863273620605,0.6674154481526956
InjecAgent,0.47058823529411764,0.650853889943074,0.35097694396972656,0.6674154481526956
InjecAgent,0.47058823529411764,0.6513282732447818,0.3510599136352539,0.6674154481526956
InjecAgent,0.5294117647058824,0.6902277039848197,0.3534524440765381,0.6674154481526956
InjecAgent,0.5294117647058824,0.6907020872865275,0.3566415309906006,0.6674154481526956
InjecAgent,0.5294117647058824,0.6911764705882353,0.3632655143737793,0.6674154481526956
InjecAgent,0.5294117647058824,0.6916508538899431,0.3684927225112915,0.6674154481526956
InjecAgent,0.5294117647058824,0.6921252371916509,0.36874592304229736,0.6674154481526956
InjecAgent,0.5294117647058824,0.6925996204933587,0.36904120445251465,0.6674154481526956
InjecAgent,0.5294117647058824,0.6930740037950665,0.371579647064209,0.6674154481526956
InjecAgent,0.5294117647058824,0.6935483870967742,0.3766813278198242,0.6674154481526956
InjecAgent,0.5882352941176471,0.7258064516129032,0.3784569501876831,0.6674154481526956
InjecAgent,0.6470588235294118,0.7670777988614801,0.38692760467529297,0.6674154481526956
InjecAgent,0.6470588235294118,0.7675521821631879,0.38732635974884033,0.6674154481526956
InjecAgent,0.6470588235294118,0.7680265654648957,0.397640585899353,0.6674154481526956
InjecAgent,0.6470588235294118,0.7685009487666035,0.3993849754333496,0.6674154481526956
InjecAgent,0.7058823529411765,0.8040796963946869,0.40257012844085693,0.6674154481526956
InjecAgent,0.7058823529411765,0.8045540796963947,0.40268874168395996,0.6674154481526956
InjecAgent,0.7058823529411765,0.8050284629981025,0.40613067150115967,0.6674154481526956
InjecAgent,0.7058823529411765,0.8055028462998103,0.40700507164001465,0.6674154481526956
InjecAgent,0.7058823529411765,0.8059772296015181,0.4080054759979248,0.6674154481526956
InjecAgent,0.7058823529411765,0.8064516129032258,0.41812098026275635,0.6674154481526956
InjecAgent,0.7058823529411765,0.8069259962049335,0.42906296253204346,0.6674154481526956
InjecAgent,0.7058823529411765,0.8074003795066413,0.4360167980194092,0.6674154481526956
InjecAgent,0.7647058823529411,0.8425047438330171,0.4524800777435303,0.6674154481526956
InjecAgent,0.7647058823529411,0.8429791271347249,0.4698389172554016,0.6674154481526956
InjecAgent,0.7647058823529411,0.8434535104364327,0.47121620178222656,0.6674154481526956
InjecAgent,0.7647058823529411,0.8439278937381404,0.4790646433830261,0.6674154481526956
InjecAgent,0.7647058823529411,0.8444022770398482,0.48135435581207275,0.6674154481526956
InjecAgent,0.7647058823529411,0.844876660341556,0.48597514629364014,0.6674154481526956
InjecAgent,0.7647058823529411,0.8453510436432637,0.5004309415817261,0.6674154481526956
InjecAgent,0.7647058823529411,0.8458254269449715,0.5014345645904541,0.6674154481526956
InjecAgent,0.8235294117647058,0.8927893738140418,0.5191683769226074,0.6674154481526956
InjecAgent,0.8235294117647058,0.8932637571157496,0.5309305191040039,0.6674154481526956
InjecAgent,0.8235294117647058,0.8937381404174574,0.5321263670921326,0.6674154481526956
InjecAgent,0.8235294117647058,0.894212523719165,0.536444902420044,0.6674154481526956
InjecAgent,0.8235294117647058,0.8946869070208728,0.5554485321044922,0.6674154481526956
InjecAgent,0.8235294117647058,0.8951612903225806,0.5656163692474365,0.6674154481526956
InjecAgent,0.8235294117647058,0.8956356736242884,0.5887696146965027,0.6674154481526956
InjecAgent,0.8235294117647058,0.8961100569259962,0.5984853506088257,0.6674154481526956
InjecAgent,0.8823529411764706,0.933111954459203,0.6011430025100708,0.6674154481526956
InjecAgent,0.8823529411764706,0.9335863377609108,0.6087961196899414,0.6674154481526956
InjecAgent,0.9411764705882353,0.9639468690702088,0.6186918020248413,0.6674154481526956
InjecAgent,0.9411764705882353,0.9644212523719166,0.6471471190452576,0.6674154481526956
InjecAgent,0.9411764705882353,0.9648956356736242,0.6473430395126343,0.6674154481526956
InjecAgent,1.0,1.0,inf,0.6674154481526956
